file_name,accuracy_score,wrong_words,gemma_transcription,ground_truth,explanation
khm_0308_0011865648.wav,60,ស្ពien; កំពុងចម្លង; ស្ពien; ជាងគេ; ព្រះរាជវចនកម្មបក្សកម្ពុជា,ស្ពien កំពុងចម្លងអ្នកលឿងនៅព្រៃវែងជាស្ពienវែងជាជាងគេក្នុងព្រះរាជវចនកម្មបក្សកម្ពុជា,ស្ពាន កំពង់ ចម្លង អ្នកលឿង នៅ ព្រៃវែង ជា ស្ពាន វែង ជាង គេ ក្នុង ព្រះ រាជាណាចក្រ កម្ពុជា,"The model used Latin characters for 'ស្ពាន', misspelled 'កំពង់' as 'កំពុង', repeated 'ជាង', and hallucinated/garbled the phrase 'ព្រះរាជាណាចក្រកម្ពុជា' into 'ព្រះរាជវចនកម្មបក្សកម្ពុជា'."
khm_0308_0032157149.wav,90,ឫស្សីកែវ; រស្មីកែវ,ភ្លើងកំពុងឆាបឆេះផ្ទះប្រជាពលរដ្ឋនៅសង្កាត់រស្មីកែវ,ភ្លើង កំពុង ឆាប ឆេះ ផ្ទះ ប្រជា ពលរដ្ឋ នៅ សង្កាត់ ឫស្សីកែវ,"The model misspelled 'ឫស្សីកែវ' as 'រស្មីកែវ', which is a significant phonetic and orthographic error for a proper noun."
khm_0308_0038959268.wav,50,អ្នកសមទាន; មាន់; ខ្វែក្លោងទាវ; វត្ត; ស្រះជក់; ផ្នိုက်,អ្នកសមទានដេកប្រកាច់មាន់ឯងខ្វែក្លោងទាវវត្តស្រះជក់ផ្នိုက်ខាងកកើត,អ្នក សុំ ទាន ដេក ប្រកាច់ ម្នាក់ ឯង ក្បែរ ខ្លោងទ្វារ វត្ត ស្រះចក ផ្នែក ខាង កើត,"Significant phonetic errors and character substitutions throughout the sentence, rendering several words incoherent or incorrectly spelled."
khm_0308_0054635313.wav,80,ស្កតណូត,ស្កតណូតដែលមានគុណភាពល្អ ផលិតនៅខេត្តកំពង់ស្ពឺ,ស្ករ ត្នោត ដែល មាន គុណភាព ល្អ ផលិត នៅ ខេត្ត កំពង់ស្ពឺ,"The model concatenated 'ស្ករ ត្នោត' into 'ស្កតណូត', resulting in a spelling error where the word 'ស្ករ' became 'ស្កត'."
khm_0308_0055735195.wav,75,បាក់; កំពូល; ៧០,ភ្នំបាក់ខែងមានកំពូលតែ ៧០ម៉ែត្រសោះ,ភ្នំបាខែង មាន កម្ពស់ តែ ចិត សិប ម៉ែត្រ សោះ,"The model misspelled 'បាខែង' as 'បាក់ខែង', substituted 'កម្ពស់' with 'កំពូល', and represented 'ចិតសិប' as a digit instead of text."
khm_0308_0104279731.wav,30,ព្រះរាជមន្ត្រី; បាន; ឆែក; មដុំ; សារ,ព្រះរាជមន្ត្រីពីរក្រុមបានឆែកប្រយុទ្ធយ៉ាងសាហាវនៅមដុំសារថ្មី,ពូ រ៉ឺម៉ក ពីរ ក្រុម បើក ឆាក ប្រយុទ្ធ យ៉ាង សាហាវ នៅ ម្ដុំ ផ្សារ ថ្មី,"The model completely failed to identify the subject 'ពូ រ៉ឺម៉ក' and substituted it with 'ព្រះរាជមន្ត្រី'. 'បើក' was misheard as 'បាន', 'ឆាក' was misheard as 'ឆែក', and there are minor spelling errors in 'ម្ដុំ' and 'ផ្សារ'."
khm_0308_0222822061.wav,80,កំពោត; ជួប,កំពោត និងកែបគឺជាទឹកដីមួយដែលជួបនឹងសមុទ្រ,កំពត និង កែប គឺ ជា ទឹកដី មួយ ដែល ជាប់ នឹង សមុទ្រ,The model misspelled 'កំពត' as 'កំពោត' and substituted 'ជាប់' with 'ជួប'.
khm_0308_0351151115.wav,60,រឿង; វង្ស; ចាស; សារ; ច្បាស់,ចាប់ពី​រឿង​វង្ស​មូល​ស្តាត​ចាស​ដល់​សារ​ច្បាស់​អំពៅ,ចាប់ ពី រង្វង់មូល ស្តាត ចាស់ ដល់ ផ្សារ ច្បារអំពៅ,"The model incorrectly segmented 'រង្វង់មូល' as 'រឿងវង្សមូល', misspelled 'ចាស់' as 'ចាស', and incorrectly identified 'ផ្សារ' as 'សារ' and 'ច្បារ' as 'ច្បាស់'."
khm_0308_0410954155.wav,50,សមរកិច្ច; បាត់; លើ,សមរកិច្ចបាត់ផ្លូវលើស្ពានក្បាលថ្នល់,សមត្ថកិច្ច បិទ ផ្លូវ នៅ ស្ពាន ក្បាល ថ្នល់,"The model misspelled 'សមត្ថកិច្ច' as 'សមរកិច្ច', replaced 'បិទ' with 'បាត់', and hallucinated 'លើ' instead of 'នៅ'."
khm_0308_0546676602.wav,40,ប្រដាស; ប; ឆ្នេ; ក; ស្ា; ច; ត; ធម,ស្ពានប្រដាស​ត​ប​ភ្ជាប់​ទៅ​ឆ្នេ​ក​ស្ា​ច​ត​ធម​ជាតិ​កោះ​ប៉ែន​,ស្ពាន ប្រដឹស ត ភ្ជាប់ ទៅ ឆ្នេរ ខ្សាច់ ធម្មជាតិ កោះប៉ែន,"The model has significant character-level and spelling errors, including extra characters like 'ប' and 'ត', and incorrectly splits and misspellings words like 'ប្រដឹស' (as 'ប្រដាស'), 'ឆ្នេរ' (as 'ឆ្នេ'), and 'ខ្សាច់' (as 'ស្ា ច')."
khm_0308_0776983860.wav,55,រៀបការ; ណកូបាន; ប៉ោះ; រទេះបាន,ហើយក៏រៀបការប្រាប់ទៅណកូបានប៉ោះរទេះបានស្រះចក,ហើយ ក៏ រាយការណ៍ ប្រាប់ ទៅ នគរបាល ប៉ុស្តិ៍ រដ្ឋបាល ស្រះចក,"The model incorrectly transcribed 'រាយការណ៍' as 'រៀបការ', 'នគរបាល' as 'ណកូបាន', 'ប៉ុស្តិ៍' as 'ប៉ោះ', and 'រដ្ឋបាល' as 'រទេះបាន'."
khm_0308_0794692022.wav,50,បក; គេ; ពិត,បកケーលេងបាល់នៅស្តាតអូឡាំពិត,ប៉ា គេ លេង បាល់ នៅ ស្តាត អូឡាំពិក,"The model concatenated 'ប៉ា គេ' into 'បកគេ' (misspelled), failed to preserve the space, and incorrectly transcribed 'ពិក' as 'ពិត'."
khm_0308_0839590797.wav,60,ស្រ្ត្រី; ក្រោម; ច្បាប់; មុន; ស្ព្វស្បាយ,ស្រ្ត្រី ក្រោម ច្បាប់ មុន បើក កិច្ចប្រជុំ ស្ព្វស្បាយ ផែនការ ថ្មី,ស្ត្រី ក្រុង ច្បារមន បើក កិច្ច ប្រជុំ ផ្សព្វផ្សាយ ផែនការ ថ្មី,"The model misspelled 'ស្ត្រី', confused 'ក្រុង' with 'ក្រោម', 'ច្បារមន' with 'ច្បាប់មុន', and misspelled 'ផ្សព្វផ្សាយ'."
khm_0308_0851797397.wav,40,ចិនជាដាំ; tactics; ផ្នង; ខេត; មន្តលគិរី; ក្រុងតាវ៉ា,ចិនជាដាំ ភា tactics ផ្នង ខេត មន្តលគិរី ក្រុងតាវ៉ា,ជន ជាតិ ដើម ភាគ តិច ព្នង ខេត្ត មណ្ឌល គិរី គ្រោង តវ៉ា,"The model failed to recognize correct Khmer terminology, substituted an English word ('tactics'), misspelled proper nouns ('មណ្ឌលគិរី' as 'មន្តលគិរី'), and broke the sentence structure."
khm_0308_0857317195.wav,85,សម្បូរ; ល្អាង,កំពង់ត្រាចសមបូទៅដោយលាអាងភ្នំមិនចាញ់បរទេស,កំពង់ត្រាច សម្បូរ ទៅ ដោយ ល្អាង ភ្នំ មិន ចាញ់ បរទេស,The model misspelled 'សម្បូរ' as 'សមបូ' (missing subscript 'រ') and 'ល្អាង' as 'លាអាង' (incorrect spelling/character representation).
khm_0308_0915697904.wav,85,ខុនដូ; បឹងកេងកង,កុងដូថ្មីមួយទៀតនឹងសាងសង់នៅបឹងកេងកອງមួយ,ខុនដូ ថ្មី មួយ ទៀត នឹង សាងសង់ នៅ បឹង កេងកង មួយ,"The model used 'កុងដូ' instead of 'ខុនដូ' and 'បឹងកេងកង' instead of the correct spelling 'បឹងកេងកង' (though often transliterated, the GT uses a specific spacing). The model also merged words due to lack of standard Khmer word segmentation."
khm_0308_0921092662.wav,50,សាមគី; ខេត; តោនតោឯ; ខ្វាស់; ក៏លែង; បន្ត,អ្នកភូមិក្នុងសង្កាត់សាមគីខេតស្ទឹងត្រែងតោនតោឯខ្វាស់ក៏លែងធ្វើបន្ត,អ្នក ភូមិ ក្នុង សង្កាត់ សាមគ្គី ខេត្ត ស្ទឹងត្រែង ត្អូញត្អែរ ខ្វះ កន្លែង ធ្វើ បុណ្យ,"The model has multiple spelling errors, dropped syllables (spelling 'សាមគ្គី' as 'សាមគី'), and substituted words ('បុណ្យ' became 'បន្ត', 'កន្លែង' became 'ក៏លែង')."
khm_0308_0935331837.wav,60,មហាវីធិ; ព្រះស៊ីសវត; ទល់មក; កំពុងផែ,មហាវីធិ ព្រះស៊ីសវត ទល់មក កំពុងផែ ភ្នំពេញ,មហា វិថី ព្រះ ស៊ីសុវត្ថិ ទល់ មុខ កំពង់ផែ ភ្នំពេញ,"The model contains multiple spelling errors: 'មហាវីធិ' instead of 'មហាវិថី', 'ព្រះស៊ីសវត' instead of 'ព្រះស៊ីសុវត្ថិ', 'ទល់មក' instead of 'ទល់ មុខ', and 'កំពុងផែ' instead of 'កំពង់ផែ'."
khm_0308_0968225593.wav,75,គេ; កែ,កែ កំពុងជួសជុលប្រាសាទបាយ័ន,គេ កំពុង ជួសជុល ប្រាសាទ បាយ័ន,"The model substituted the pronoun 'គេ' (they/he) with the verb 'កែ' (fix/edit), leading to a change in the grammatical meaning of the sentence."
khm_0308_1016909228.wav,40,អណុកសាវរី; ទីលាន; ប្រជាធិបតី,អណុកសាវរីទីលានប្រជាធិបតី,អនុស្សាវរីយ៍ ទីលាន ប្រជាធិបតេយ្យ,"The model misspelled 'អនុស្សាវរីយ៍' (as 'អណុកសាវរី'), missed the space, omitted 'ទីលាន' (misinterpreted as part of the previous word), and incorrectly transcribed 'ប្រជាធិបតេយ្យ' as 'ប្រជាធិបតី'."
khm_0308_1058616340.wav,45,ឆេះ; នៃ; សាមកី; ជិត; ៥,ជិត ផ្ទះ នៃ ជិត ភូមិ សាមកី ផ្លូវ ជិត លេខ ៥,ឆេះ ផ្ទះ នៅ ជិត ភូមិ សាមគ្គី ផ្លូវ ជាតិ លេខ ប្រាំ,"The model missed the verb 'ឆេះ', substituted 'នៅ' with 'នៃ', misspelled 'សាមគ្គី' as 'សាមកី', replaced 'ជាតិ' with 'ជិត', and used the digit '៥' instead of the Khmer word 'ប្រាំ'."
khm_0308_1074998143.wav,40,មួយ; ច្បាប់; បក; គិត; ច្រង់; របស់; ធំ,រថយន្តមួយគ្លីនិកច្បាប់អំពៅបកម៉ូតូគិតច្រង់របស់ធំ,រថយន្ត សាមុយ គ្លីនិក ច្បារអំពៅ បុក ម៉ូតូ គុប ជ្រុង របួស ធ្ងន់,"The model incorrectly transcribed 'សាមុយ' as 'មួយ', 'ច្បារអំពៅ' as 'ច្បាប់អំពៅ', 'បុក' as 'បក', 'គុប' as 'គិត', 'ជ្រុង' as 'ច្រង់', 'របួស' as 'របស់', and 'ធ្ងន់' as 'ធំ'."
khm_0308_1214631802.wav,45,បានបាត់បង់រុយ; ឆ្ងាយ; niek kwan; ស្ណាក់,ក្រោយពីបានបាត់បង់រុយ ដល់ម៉ោងឆ្ងាយ ពួកគេទាំងពីរនាក់បានទៅរកវត្ត niek kwan ដើម្បីស្ណាក់អាស្រ័យបណ្ដោះអាសន្ន,ក្រោយ ពី ដើរ បិណ្ឌបាត្រ រួច ដល់ ម៉ោង ឆាន់ ពួក គេ ទាំង ពីរ នាក់ បាន ទៅ រក វត្ត នាគវ័ន្ត ដើម្បី ស្នាក់ អាស្រ័យ បណ្តោះអាសន្ន,"The model failed to recognize 'ដើរ បិណ្ឌបាត្រ រួច' and replaced it with an unrelated phrase. It also misrecognized 'ឆាន់' as 'ឆ្ងាយ', 'នាគវ័ន្ត' as 'niek kwan', and misspelled 'ស្នាក់' as 'ស្ណាក់'."
khm_0308_1254895494.wav,60,មុខ; សណ្ឋាគារ; កាំបូឌីយ៉ាណា; មក; សំថាគា; កម្ពុជា; យានា,ទៅ ដល់ មក សંថាគា កម្ពុជា យានា ទើប ឈប់,ទៅ ដល់ មុខ សណ្ឋាគារ កាំបូឌីយ៉ាណា ទើប ឈប់,"The model incorrectly transcribed 'មុខ' as 'មក', misspelled 'សណ្ឋាគារ' as 'សំថាគា', and split 'កាំបូឌីយ៉ាណា' into two incorrect words 'កម្ពុជា' and 'យានា'."
khm_0308_1317136377.wav,70,ព្រៃ; ឧត្តុង; វា,មេប្រៃនៅឧត្តុង និយាយថា ມັນបាន យក​លុយ​ឈើ​ទេ,មេ ព្រៃ នៅ ឧដុង្គ និយាយ ថា មិន បាន យក លុយ ឈើ ទេ,"The model misspelled 'ឧដុង្គ' as 'ឧត្តុង' and incorrectly transcribed 'មិន' as 'វា' (hallucination). Additionally, the model merged words that should be separated."
khm_0308_1324416656.wav,60,កម្មករ; ប៊ីយូធីហ៊្វូល; នៅ; កូដកម្ម,កមករោងចក្រ beautiful នៃបាវិត បន្តធ្វើកោតកម្ម,កម្មករ រោងចក្រ ប៊ីយូធីហ៊្វូល នៅ បាវិត បន្ត ធ្វើ កូដកម្ម,"The model misspelled 'កម្មករ' as 'កមករ', failed to transliterate the English word 'beautiful', incorrectly replaced 'នៅ' with 'នៃ', and misspelled 'កូដកម្ម' as 'កោតកម្ម'."
khm_0308_1407652655.wav,80,ជ្រោយចង្វា,ស្ពានជroiចុងវ៉ាថ្មីបានបើកការដ្ឋានសាងសង់នៅព្រឹកនេះ,ស្ពាន ជ្រោយចង្វា ថ្មី បាន បើក ការដ្ឋាន សាងសង់ នៅ ព្រឹក នេះ,"The model failed to correctly recognize and transcribe the proper noun 'ជ្រោយចង្វា', resulting in a mix of Latin characters and incomplete phonetic representation ('jr' and 'ចុងវ៉ា')."
khm_0308_1535164858.wav,50,ការពារ; ដី; ព្រៃ; កាត់បន្ថយ; ភាព; ក្រីក្រ,សហគមន៍នៅឧត្តរមានជ័យអំពាវនាវឱ្យរដ្ឋាភិបាលជួយកាត់បន្ថយភាពក្រីក្រ,សហគមន៍ នៅ ឧត្តរមានជ័យ អំពាវនាវ ឱ្យ រដ្ឋាភិបាល ជួយ ការពារ ដី ព្រៃ,"The model correctly transcribed the subject and the main verb, but hallucinated the object of the sentence, completely changing the meaning from 'protect forest land' to 'reduce poverty'."
khm_0308_1550099120.wav,60,បទុំ; មិន; ខ្ពốp; តាយອງ,វត្តបទុំ ឬ ហៅ មិន យ៉ាង ទៀត ថា វត្ត ខ្ពốp តាយອງ,វត្ត បទុម ឬ ហៅ ម្យ៉ាង ទៀត ថា វត្ត ខ្ពបតាយ៉ង,"The model misspelled 'បទុម' as 'បទុំ', hallucinated 'មិន' instead of 'ម្យ៉ាង', and failed to correctly transcribe 'ខ្ពបតាយ៉ង', splitting it incorrectly with an invalid character."
khm_0308_1647381184.wav,100,,អភិបាលរងខេត្តកោះកុង,អភិបាល រង ខេត្ត កោះកុង,"The transcription is identical. In Khmer, spaces are optional and do not change the linguistic accuracy of the words."
khm_0308_1937492044.wav,50,ប្រវត្តិ; ព្រលាពរ; បាភ្នំ; បា; ភนม,ព្រលាពរ របស់ ស្រុក បា ភนม នៅ ខេត្ត ព្រៃវែង,ប្រវត្តិ របស់ ស្រុក បាភ្នំ នៅ ខេត្ត ព្រៃវែង,"The model failed to transcribe 'ប្រវត្តិ' (substituted with a nonsensical string) and incorrectly segmented 'បាភ្នំ' as two separate, partially incorrect words including a non-Khmer character 'm'."
khm_0308_1953618232.wav,85,រទ្យុនសាងយុង; ជិះ,រទ្យុនសាងយុង ដឹកអ្នកដំណើរចេញពីស្រុកសៀមប៉ាងមកខេត្តស្ទឹងត្រែងចំនួនបីគ្រឿង បន្លំដឹកជិះប្រណិត,រថយន្ត សាំងយ៉ុង ដឹក អ្នក ដំណើរ ចេញ ពី ស្រុក សៀមប៉ាង មក ខេត្ត ស្ទឹងត្រែង ចំនួន បី គ្រឿង បន្លំ ដឹក ឈើ ប្រណិត,"The model misspelled 'រថយន្ត' as 'រទ្យុន' and 'សាំងយ៉ុង' as 'សាងយុង' (concatenated), and substituted 'ឈើ' with 'ជិះ'."
khm_0308_2038514460.wav,40,ព្រះរាជអគ្គព្រម; ទូលេបាទី; មន្ត្រី; ប៉េត; បូរាន; ៧,ព្រះរាជអគ្គព្រមទូលេបាទីជាមន្ត្រីប៉េតបូរាននាសម័យព្រះបាទជ័យវរ្ម័នទី៧,ប្រាសាទ តាព្រហ្ម ទន្លេ បាទី ជា មន្ទីរ ពេទ្យ បុរាណ នា សម័យ ព្រះ បាទ ជ័យវរ្ម័ន ទី ប្រាំពីរ,"The model failed to segment words properly, hallucinated 'ព្រះរាជអគ្គ', substituted 'តាព្រហ្ម' with 'ព្រម', incorrectly transcribed 'មន្ទីរពេទ្យ' as 'មន្ត្រីប៉េត', used 'បូរាន' instead of 'បុរាណ', and used the digit '៧' instead of the Khmer text 'ប្រាំពីរ'."
khm_0308_2048773496.wav,40,ស្វាយអន្ទរ; ស្វា; អ៊ិនតូ; នៅ,ស្វា អ៊ិនតូ ក្នុង ខេត្ត ណា,ស្វាយអន្ទរ នៅ ក្នុង ខេត្ត ណា,"The model failed to recognize the proper noun 'ស្វាយអន្ទរ', substituting it with 'ស្វា អ៊ិនតូ', and omitted the word 'នៅ'."
khm_0308_2122927324.wav,90,បងកក,អ្នកភូមិបងកក កំពុងយំស្រែកទាមទារសំណងសមរម្យ។,អ្នក ភូមិ បឹងកក់ កំពុង យំ ស្រែក ទាមទារ សំណង សមរម្យ,The model misspelled 'បឹងកក់' (Boeung Kak) as 'បងកក' (missing the vowel markers) and included an unnecessary punctuation mark at the end.
khm_0308_2231221883.wav,60,នៅយាយ; សន្តគរ; សង្ក; ស្រក; ភ្លៀង; មាត់ដកដក; លដើម្បី; ខែប,នៅយាយពីភ្នំសន្តគរសង្កស្រកទឹកមាត់ភ្លៀងតែម្តង នឹកឃើញមាត់ដកដកដែលលដើម្បីស្ទើរពេញទាំងខែប,និយាយ ពី ភ្នំ សន្ទុក សឹង ស្រក់ ទឹក មាត់ ភ្លាម តែម្ដង នឹក ឃើញ មាន់ ដុត ក្តៅ ក្ដៅ ដែល ល្បី ស្ទើរ ពេញ ទាំង ខេត្ត,"The model contains multiple orthographic errors, misidentifies proper nouns (Suntuk), and confuses common words like 'ដុត' (roasted) with 'ដក' (pull)."
khm_0308_2253945901.wav,40,សមរាម; កំナップ; មហាវិតይ; វែងស្រែង,សមរាមនៅលើកំナップមហាវិតይវែងស្រែង,សំរាម នៅ លើ កំណាត់ មហា វិថី វេងស្រេង,"The model contains severe spelling errors, uses Latin script (ナップ), and incorrect Khmer script rendering/orthography (phonetic substitution instead of correct spelling)."
khm_0308_2293177758.wav,40,បក្ស; ចតុកមក; សមដោយ,តើបក្សចតុកមកសមដោយទៅលើអ្វី,តើ ពាក្យ ចតុមុខ សំដៅ ទៅ លើ អ្វី,"The model failed to segment the sentence correctly and misinterpreted the words 'ពាក្យ' as 'បក្ស', 'ចតុមុខ' as 'ចតុកមក', and 'សំដៅ' as 'សមដោយ'."
khm_0308_2323178423.wav,50,ចំណុច; ទំនប់; បណ្ដោយ; ជាតិ; ប្រាំមួយ; អា; គៀនឃ្លាំង,ត្រង់ចំនួន ផ្លូវ ទំនាក់ទំនង ខ្មែរ លើ តាម មាត់ដៅ ផ្លូវ ជិត ៦A ស្ថិត ក្នុង ភូមិ កៀន ស្លៀង,ត្រង់ ចំណុច ផ្លូវ ទំនប់ ខ្មែរ លើ តាម បណ្ដោយ ផ្លូវ ជាតិ ប្រាំមួយ អា ស្ថិត ក្នុង ភូមិ គៀនឃ្លាំង,"The model contains multiple lexical errors, misinterpretation of the road name/number (6A), and phonetic spelling errors for the village name 'គៀនឃ្លាំង'."
khm_0308_2454882696.wav,30,មក; របស់; ចំណាំ; ខាង; ក្នុង; អុកញា; Tây,មក របស់ ចំណាំ ខាង នាង ក្នុង កោះ អុកញា Tây,មុខរបរ ចិញ្ចឹម ដង្កូវនាង នៅ កោះ ឧកញ៉ាតី,"The model misinterpreted almost every word. It failed to identify 'មុខរបរ', 'ចិញ្ចឹម', 'ដង្កូវនាង', and 'ឧកញ៉ាតី', replacing them with phonetically similar but semantically incorrect words, and included a non-Khmer character string."
khm_0308_2509413682.wav,30,ចម្ការ; ស្nay; បកគលិក; រស់រវើក; ត្រជាក់,ចម្ការស្nayមានបកគលិកដ៏រស់រវើកត្រជាក់ចាំទទួល,ចំការ ស្នេហ៍ មាន បុគ្គលិក ដ៏ រួសរាយ រាក់ទាក់ ចាំ ទទួល,"The model contains multiple errors including incorrect spelling (ចម្ការ instead of ចំការ), mixed character/Latin usage (ស្nay), phonetic misinterpretations (បកគលិក instead of បុគ្គលិក), and vocabulary substitutions (រស់រវើក and ត្រជាក់ instead of រួសរាយ រាក់ទាក់)."
khm_0308_2558016039.wav,80,បររអមនាក់; តាម,បររអមនាក់ដេកស្លាប់នៅជិតវត្តតាមក្រសាំង,បុរស ម្នាក់ ដេក ស្លាប់ នៅ ជិត វត្ត តាំង ក្រសាំង,The model concatenated words and misspelled 'បុរសម្នាក់' as 'បររអមនាក់' and substituted 'តាំង' with 'តាម'.
khm_0308_2582013291.wav,75,ខ្ញុំប្រស់; ជីក,ខ្ញុំប្រស់អាយុប្រាំមួយឆ្នាំជីកកង់ធ្លាក់ទឹកទន្លេបាសាក់,ក្មេង ប្រុស អាយុ ប្រាំមួយ ឆ្នាំ ជិះ កង់ ធ្លាក់ ទឹក ទន្លេ បាសាក់,The model transcribed 'ក្មេង ប្រុស' as 'ខ្ញុំប្រស់' (phonetically similar but incorrect meaning) and 'ជិះ' as 'ជីក' (spelling error).
khm_0308_2652788495.wav,20,ពណ៌ខៀវ; ស្ទាត់ស្ទើរ; ឆ្ងាយណាស់ទៅ; កណ្ដាប់បណ្ដ,ពណ៌ខៀវក្នុងខេត្តព្រះវិហារ ស្ទាត់ស្ទើរ ឆ្ងាយណាស់ទៅរដូវកណ្ដាប់បណ្ដ,វត្ត ខ្លះ ក្នុង ខេត្ត ព្រះវិហារ ខ្សត់ខ្សោយ ចង្ហាន់ នៅ រដូវ កាន់ បិណ្ឌ,"The model failed significantly to recognize the vocabulary, resulting in phonetic hallucinations that do not match the meaning of the original sentence."
khm_0308_2680464831.wav,90,ប្រាំពីរ; បទុម,ជួបគ្នា ស្អែក ម៉ោង ៧ ព្រឹក នៅ សួន វត្ត បទុំ ទាំងអស់គ្នា,ជួប គ្នា ស្អែក ម៉ោង ប្រាំពីរ ព្រឹក នៅ សួន វត្ត បទុម ទាំង អស់ គ្នា,The model converted the word 'ប្រាំពីរ' (seven) into the digit '៧' and misspelled 'បទុម' as 'បទុំ'.
khm_0308_2724707299.wav,0,អល់,អល់អល់អល់អល់អល់អល់អល់អល់អល់អល់អល់អល់អល់អល់អល់អល់អល់អល់អល់អល់អល់អល់អល់អល់អល់អល់អល់អល់អល់អល់អល់អល់អល់អល់អល់អល់អល់អល់អល់អល់អល់អល់អល់អល់អល់អល់អល់អល់អល់អល់អល់អល់អល់អល់អល់អល់អល់អល់អល់អល់អល់អល់អល់អល់អល់អល់អល់អល់អល់អល់អល់អល់អល់អល់អល់អល់អល់អល់អល់អល់អល់អល់អល់អល់អល់អល់អល់អល់អល់អល់អល់អល់អល់អល់អល់អល់អល់អល់អល់អល់អល់អល់អល់អល់អល់អល់អល់អល់អល់អល់អល់អល់អល់អល់អល់អល់អល់អល់អល់អល់អល់អល់អល់អល់អល់អល់អល់អល់អល់អល់អល់អល់អល់អល់អល់អល់អល់អល់អល់អល់អល់អល់អល់អល់អល់អល់អល់អល់អល់អល់អល់អល់អល់អល់អល់អល់អល់អល់អល់អល់អល់អល់អល់អល់អល់អល់អល់អល់អល់អល់អល់អល់អល់អល់អល់អល់អល់អល់អល់អល់អល់អល់អល់អល់អល់អល់អល់អល់អល់អល់អល់អល់អល់អល់អល់អល់អល់អល់អល់អល់អល់អល់អល់អល់អល់អល់អល់អល់អល់អល់អល់អល់អល់អល់អល់អល់អល់អល់អល់អល់អល់អល់អល់អល់អល់អល់អល់អល់អល់អល់អល់អល់អល់អល់អល់អល់អល់អល់អល់អល់អល់អល់អល់អល់អល់អល់អល់អល់អល់អល់អល់អល់អល់អល់អល់អល់អល់អល់អល់អល់អល់អល់អល់អល់អល់អល់អល់អល់អល់អល់អល់អល់អល់អល់អល់អល់អល់អល់អល់អល់អល់អល់អល់អល់អល់អល់អល់អល់អល់អល់អល់អល់អល់អល់អល់អល់អល់អល់អល់អល់អល់អល់អល់អល់អល់អល់អល់អល់អល់អល់អល់អល់អល់អល់អល់អល់អល់អល់អល់អល់អល់អល់អល់អល់អល់អល់អល់អល់អល់អល់អល់អល់អល់អល់អល់អល់អល់អល់អល់អល់អល់អល់អល់អល់អល់អល់អល់អល់អល់អល់អល់អល់អល់អល់អល់អល់អល់អល់អល់អល់អល់អល់អល់អល់អល់អល់អល់អល់អល់អល់អល់អល់អល់អល់អល់អល់អល់អល់អល់អល់អល់អល់អល់អល់អល់អល់អល់អល់អល់អល់អល់អល់អល់អល់អល់អល់អល់អល់អល់អល់អល់អល់អល់អល់អល់អល់អល់អល់អល់អល់អល់អល់អល់អល់អល់អល់អល់អល់អល់អល់អល់អល់អល់អល់អល់អល់អល់អល់អល់អល់អល់អល់អល់អល់អល់អល់អល់អល់អល់អល់អល់អល់អល់អល់អល់អល់អល់អល់អល់អល់អល់អល់អល់អល់អល់អល់អល់អល់អល់អល់អល់អល់អល់អល់អល់អល់អល់អល់អល់អល់អល់អល់អល់អល់អល់អល់អល់អល់អល់អល់អល់អល់អល់អល់អល់អល់អល់អល់អល់អល់អល់អល់អល់អល់អល់អល់អល់អល់អល់អល់អល់អល់អល់អល់អល់អល់អល់អល់អល់អល់អល់អល់អល់អល់អល់អល់អល់អល់អល់អល់អល់អល់អល់អល់អល់អល់អល់អល់អល់អល់អល់អល់អល់អល់អល់អល់អល់អល់អល់អល់អល់អល់អល់អល់អល់អល់អល់អល់អល់អល់អល់អល់អល់អល់អល់អល់អល់អល់អល់អល់អល់អល់អល់អល់អល់អល់អល់អល់អល់អល់អល់អល់អល់អល់អល់អល់អល់អល់អល់អល់អល់អល់អល់អល់អល់អល់អល់អល់អល់អល់អល់អល់អល់អល់អល់អល់អល់អល់អល់អល់អល់អល់អល់អល់អល់អល់អល់អល់អល់អល់អល់អល់អល់អល់អល់អល់អល់អល់អល់អល់អល់អល់អល់អល់អល់អល់អល់អល់អល់អល់អល់អល់អល់អល់អល់អល់អល់អល់អល់អល់អល់អល់អល់អល់អល់អល់អល់អល់អល់អល់អល់អល់អល់អល់អល់អល់អល់អល់អល់អល់អល់អល់អល់អល់អល់អល់អល់អល់អល់អល់អល់អល់អល់អល់អល់អល់អល់អល់អល់អល់អល់អល់អល់អល់អល់អល់អល់អល់អល់អល់អល់អល់អល់អល់អល់អល់អល់អល់អល់អល់អល់អល់អល់អល់អល់អល់អល់អល់អល់អល់អល់អល់អល់អល់អល់អល់អល់អល់អល់អល់អល់អល់អល់អល់អល់អល់អល់អល់អល់អល់អល់អល់អល់អល់អល់អល់អល់អល់អល់អល់អល់អល់អល់អល់អល់អល់អល់អល់អល់អល់អល់អល់អល់អល់អល់អល់អល់អល់អល់អល់អល់អល់អល់អល់អល់អល់អល់អល់អល់អល់អល់អល់អល់អល់អល់អល់អល់អល់អល់អល់អល់អល់អល់អល់អល់អល់អល់អល់អល់អល់អល់អល់អល់អល់អល់អល់អល់អល់អល់អល់អល់អល់អល់អល់អល់អល់អល់អល់អល់អល់អល់អល់អល់អល់អល់អល់អល់អល់អល់អល់អល់អល់អល់អល់អល់អល់អល់អល់អល់អល់អល់អល់អល់អល់អល់អល់អល់អល់អល់អល់អល់អល់អល់អល់អល់អល់អល់អល់អល់អល់អល់អល់អល់អល់អល់អល់អល់អល់អល់អល់អល់អល់អល់អល់អល់អល់អល់អល់អល់អល់អល់អល់អល់អល់អល់អល់អល់អល់អល់អល់អល់អល់អល់អល់អល់អល់អល់អល់អល់អល់អល់អល់អល់អល់អល់អល់អល់អល់អល់អល់អល់អល់អល់អល់អល់អល់អល់អល់អល់អល់អល់អល់អល់អល់អល់អល់អល់អល់អល់អល់អល់អល់អល់អល់អល់អល់អល់អល់អល់អល់អល់អល់អល់អល់អល់អល់អល់អល់អល់អល់អល់អល់អល់អល់អល់អល់អល់អល់អល់អល់អល់អល់អល់អល់អល់អល់អល់អល់អល់អល់អល់អល់អល់អល់អល់អល់អល់អល់អល់អល់អល់អល់អល់អល់អល់អល់អល់អល់អល់អល់អល់អល់អល់អល់អល់អល់អល់អល់អល់អល់អល់អល់អល់អល់អល់អល់អល់អល់អល់អល់អល់អល់អល់អល់អល់អល់អល់អល់អល់អល់អល់អល់អល់អល់អល់អល់អល់អល់អល់អល់អល់អល់អល់អល់អល់អល់អល់អល់អល់អល់អល់អល់អល់អល់អល់អល់អល់អល់អល់អល់អល់អល់អល់អល់អល់អល់អល់អល់អល់អល់អល់អល់អល់អល់អល់អល់អល់អល់អល់អល់អល់អល់អល់អល់អល់អល់អល់អល់អល់អល់អល់អល់អល់អល់អល់អល់អល់អល់អល់អល់អល់អល់អល់អល់អល់អល់អល់អល់អល់អល់អល់អល់អល់អល់អល់អល់អល់អល់អល់អល់អល់អល់អល់អល់អល់អល់អល់អល់អល់អល់អល់អល់អល់អល់អល់អល់អល់អល់អល់អល់អល់អល់អល់អល់អល់អល់អល់អល់អល់អល់អល់អល់អល់អល់អល់អល់អល់អល់អល់អល់អល់អល់អល់អល់អល់អល់អល់អល់អល់អល់អល់អល់អល់អល់អល់អល់អល់អល់អល់អល់អល់អល់អល់អល់អល់អល់អល់អល់អល់អល់អល់អល់អល់អល់អល់អល់អល់អល់អល់អល់អល់អល់អល់អល់អល់អល់អល់អល់អល់អល់អល់អល់អល់អល់អល់អល់អល់អល់អល់អល់អល់អល់អល់អល់អល់អល់អល់អល់អល់អល់អល់អល់អល់អល់អល់អល់អល់អល់អល់អល់អល់អល់អល់អល់អល់អល់អល់អល់អល់អល់អល់អល់អល់អល់អល់អល់អល់អល់អល់អល់អល់អល់អល់អល់អល់អល់អល់អល់អល់អល់អល់អល់អល់អល់អល់អល់អល់អល់អល់អល់អល់អល់អល់អល់អល់អល់អល់អល់អល់អល់អល់អល់អល់អល់អល់អល់អល់អល់អល់អល់អល់អល់អល់អល់អល់អល់អល់អល់អល់អល់អល់អល់អល់អល់អល់អល់អល់អល់អល់អល់អល់អល់អល់អល់អល់អល់អល់អល់អល់អល់អល់អល់អល់អល់អល់អល់អល់អល់អល់អល់អល់អល់អល់អល់អល់អល់អល់អល់អល់អល់អល់អល់អល់អល់អល់អល់អល់អល់អល់អល់អល់អល់អល់អល់អល់អល់អល់អល់អល់អល់អល់អល់អល់អល់អល់អល់អល់អល់អល់អល់អល់អល់អល់អល់អល់អល់អល់អល់អល់អល់អល់អល់អល់អល់អល់អល់អល់អល់អល់អល់អល់អល់អល់អល់អល់អល់អល់អល់អល់អល់អល់អល់អល់អល់អល់អល់អល់អល់អល់អល់អល់អល់អល់អល់អល់អល់អល់អល់អល់អល់អល់អល់អល់អល់អល់អល់អល់អល់អល់អល់អល់អល់អល់អល់អល់អល់អល់អល់អល់អល់អល់អល់អល់អល់អល់អល់អល់អល់អល់អល់អល់អល់អល់អល់អល់អល់អល់អល់អល់អល់អល់អល់អល់អល់អល់អល់អល់អល់អល់អល់អល់អល់អល់អល់អល់អល់អល់អល់អល់អល់អល់អល់អល់អល់អល់អល់អល់អល់អល់អល់អល់អល់អល់អល់អល់អល់អល់អល់អល់អល់អល់អល់អល់អល់អល់អល់អល់អល់អល់អល់អល់អល់អល់អល់អល់អល់អល់អល់អល់អល់អល់អល់អល់អល់អល់អល់អល់អល់អល់អល់អល់អល់អល់អល់អល់អល់អល់អល់អល់អល់អល់អល់អល់អល់អល់អល់អល់អល់អល់អល់អល់អល់អល់អល់អល់អល់អល់អល់អល់អល់អល់អល់អល់អល់អល់អល់អល់អល់អល់អល់អល់អល់អល់អល់អល់អល់អល់អល់អល់អល់អល់អល់អល់អល់អល់អល់អល់អល់អល់អល់អល់អល់អល់អល់អល់អល់អល់អល់អល់អល់អល់អល់អល់អល់អល់អល់អល់អល់អល់អល់អល់អល់អល់អល់អល់អល់អល់អល់អល់អល់អល់អល់អល់អល់អល់អល់អល់អល់អល់អល់អល់អល់អល់អល់អល់អល់អល់អល់អល់អល់អល់អល់អល់អល់អល់អល់អល់អល់អល់អល់អល់អល់អល់អល់អល់អល់អល់អល់អល់អល់អល់អល់អល់អល់អល់អល់អល់អល់អល់អល់អល់អល់អល់អល់អល់អល់អល់អល់អល់អល់អល់អល់អល់អល់អល់អល់អល់អល់អល់អល់អល់អល់អល់អល់អល់អល់អល់អល់អល់អល់អល់អល់អល់អល់អល់អល់អល់អល់អល់អល់អល់អល់អល់អល់អល់អល់អល់អល់អល់អល់អល់អល់អល់អល់អល់អល់អល់អល់អល់អល់អល់អល់អល់អល់អល់អល់អល់អល់អល់អល់អល់អល់អល់អល់អល់អល់អល់អល់អល់អល់អល់អល់អល់អល់អល់អល់អល់អល់អល់អល់អល់អល់អល់អល់អល់អល់អល់អល់អល់អល់អល់អល់អល់អល់អល់អល់អល់អល់អល់អល់អល់អល់អល់អល់អល់អល់អល់អល់អល់អល់អល់អល់អល់អល់អល់អល់អល់អល់អល់អល់អល់អល់អល់អល់អល់អល់អល់អល់អល់អល់អល់អល់អល់អល់អល់អល់អល់អល់អល់អល់អល់អល់អល់អល់អល់អល់អល់អល់អល់អល់អល់អល់អល់អល់អល់អល់អល់អល់អល់អល់អល់អល់អល់អល់អល់អល់អល់អល់អល់អល់អល់អល់អល់អល់អល់អល់អល់អល់អល់អល់អល់អល់អល់អល់អល់អល់អល់អល់អល់អល់អល់អល់អល់អល់អល់អល់អល់អល់អល់អល់អល់អល់អល់អល់អល់អល់អល់អល់អល់អល់អល់អល់អល់អល់អល់អល់អល់អល់អល់អល់អល់អល់អល់អល់អល់អល់អល់អល់អល់អល់អល់អល់អល់អល់អល់អល់អល់អល់អល់អល់អល់អល់អល់អល់អល់អល់អល់អល់អល់អល់អល់អល់អល់អល់អល់អល់អល់អល់អល់អល់អល់អល់អល់អល់អល់អល់អល់អល់អល់អល់អល់អល់អល់អល់អល់អល់អល់អល់អល់អល់អល់អ,ផ្អើល អស់ អ្នក រស់នៅ ត្រើយ ខាង កើត ស្ពាន ជ្រោយចង្វារ,"The model completely failed to transcribe the audio, repeating the syllable 'អល់' (al) excessively instead of transcribing the provided ground truth."
khm_0308_2794454505.wav,40,មុខ; មន្ទីរពេទ្យ; ពេទ្យ; មកមុំទី; ៨,នៅមកមុំទី ៨ កាលម៉ែត,នៅ មុខ មន្ទីរពេទ្យ ពេទ្យ កាល់ម៉ែត,The model incorrectly transcribed 'មុខ មន្ទីរពេទ្យ ពេទ្យ' as 'មកមុំទី ៨' due to poor phonetic recognition and word segmentation errors.
khm_0308_2824667655.wav,60,សារ; កាមគ្រប់គ្រង; ចោ,សារកាមគ្រប់គ្រងខេត្តមណ្ឌលគិរីបានចောត្រួតពិនិត្យ,សាខា កាំកុងត្រូល ខេត្ដ មណ្ឌល គិរី បាន ចុះ ត្រួត ពិនិត្យ,"The model incorrectly transcribed 'សាខា' as 'សារ', 'កាំកុងត្រូល' as 'កាមគ្រប់គ្រង', and 'ចុះ' as 'ចោ'. The words were also incorrectly concatenated without spaces."
khm_0308_2837765884.wav,60,ចិន; កម្រង; ទេសចរ; ផ្លạch; ផ្លạch; 700; ឧសាន; គិរីរុំ,ចិន ធ្វើ កម្រង ទេសចរ ផ្លạch ផ្លạch លើ ផ្ទៃ ដី 700 ហិកតា នៅ ឧសាន គិរីរុំ,ជប៉ុន ធ្វើ គម្រោង ទេសចរណ៍ ប្លែក ប្លែក លើ ផ្ទៃ ដី ប្រាំពីរ រយ ហិកតា នៅ ឧទ្យាន គិរីរម្យ,"The model hallucinated 'ចិន' instead of 'ជប៉ុន', misspelled 'គម្រោង', 'ប្លែក', 'ឧទ្យាន', and 'គិរីរម្យ', and used numeric '700' instead of words."
khm_0308_2872359114.wav,75,ជ័យវរ rampn; ទី ៧; ១២០០,ព្រះបាទជ័យវរ rampn ទី ៧ បានកសាងប្រាសាទបាយ័ននៅឆ្នាំ ១២០០,ព្រះ បាទ ជ័យវរ្ម័ន ទី ប្រាំពីរ បាន កសាង ប្រាសាទ បាយ័ន នៅ ឆ្នាំ មួយ ពាន់ ពីរ រយ,"The model failed to transcribe 'ជ័យវរ្ម័ន' correctly (containing a roman character), converted digits to Arabic numerals instead of words, and used shorthand digits instead of the full text requested in the ground truth."
khm_0308_2970778153.wav,75,បាន; លាន; សមัตកិច្ច; សង្gam,នៅក្នុងអាណាចក្រព្រៃវែងបានលានឈើមិនក្រឡាប់សមัตកិច្ចសង្gam ឈឹង,នៅ ក្នុង អាណាចក្រ ព្រៃវែង បើ ឡាន ឈើ មិន ក្រឡាប់ សមត្ថកិច្ច សម្ងំ ឈឹង,"The model confused 'បើ' with 'បាន', 'ឡាន' with 'លាន', misspelled 'សមត្ថកិច្ច' as 'សមัตកិច្ច', and failed to transcribe 'សម្ងំ' correctly, resulting in a character mix-up."
khm_0308_2974572228.wav,50,ប្រាក់; ទលាាយ; បងប្អូន; ពាយ; មោក,ឱ្យជីកប្រាក់ទលាាយទឹកពីបងប្អូនពាយមោក,ឱ្យ ជីក ព្រែក ទម្លាយ ទឹក ពី បឹង ពោងពាយ មក,"The model contains multiple character-level spelling errors, phonetic misinterpretations ('ប្រាក់' instead of 'ព្រែក', 'បងប្អូន' instead of 'បឹង', 'មោក' instead of 'មក'), and incorrect word formations."
khm_0308_3021411248.wav,40,ផ្ទះ; កំផុង; កែ; របស់; សង្កាត់; អង់,ផ្ទះកំផុងកែ របស់សង្កាត់ប្រាំពីរអង់នៅស្រុកសមរោង,ផ្ទុះ កំប៉ុង ហ្គាស របួស សង្ឃ ប្រាំពីរ អង្គ នៅ ស្រុក សំរោង,"The model confused almost all words due to phonetic similarities and incorrect segmentation (e.g., 'ផ្ទះ' instead of 'ផ្ទុះ', 'កែ' instead of 'ហ្គាស', and 'សង្កាត់' instead of 'សង្ឃ')."
khm_0308_3139742730.wav,50,ទុក្ខ; ចំណុន; ទល់ឡេ; មេកុង; កៀន; ស្វាយ,ទុក្ខ ចំណុន ទល់ឡេ មេកុង នៅ ស្រុក កៀន ស្វាយ,ទឹក ជំនន់ ទន្លេ មេគង្គ នៅ ស្រុក កៀនស្វាយ,"The model contains multiple spelling errors ('ទុក្ខ' instead of 'ទឹក', 'ចំណុន' instead of 'ជំនន់', 'ទល់ឡេ' instead of 'ទន្លេ', 'មេកុង' instead of 'មេគង្គ') and adds incorrect word segmentation in 'កៀន ស្វាយ'."
khm_0308_3148513921.wav,20,វគ្គមនدولមនដោះមដាល; មជ្ឈមណ្ឌល; បណ្ដុះបណ្ដាល,វគ្គមនدولមនដោះមដាលវិជ្ជាជីវៈដុនបូស្កូ,មជ្ឈមណ្ឌល បណ្ដុះបណ្ដាល វិជ្ជា ជីវៈ ដុនបូស្កូ,"The model failed to correctly recognize the first two words, inserted a non-Khmer character, and concatenated the text incorrectly."
khm_0308_3156122691.wav,40,បាក់រទ្យទុន; កន្លែង; តេផន,បាក់រទ្យទុនមកចតនៅកន្លែងស្តុបតេផន,បើក រថយន្ត មក ចត នៅ ក្បែរ ស្តុប ទេព ផន,"The model failed to correctly transcribe 'បើក រថយន្ត' (misspelled as 'បាក់រទ្យទុន'), replaced 'ក្បែរ' with 'កន្លែង' (hallucination/substitution), and missed a syllable in 'ទេព ផន'."
khm_0308_3178423391.wav,85,អះអាង; ប៉ូលិស,លោកអានថាប៉ូលីសស្រុកអារញ្ញប្រទេសថៃ,លោក អះអាង ថា ប៉ូលិស ស្រុក អារញ្ញ ប្រទេស ថៃ,The model omitted 'ះ' in 'អះអាង' (making it 'អាន') and misspelled 'ប៉ូលិស' as 'ប៉ូលីស' (using the wrong vowel).
khm_0308_3208871049.wav,60,ஐ; اف; ال; ประ; ชุม,ஐ اف ال ประชุม โดย អ្នក ខ្លាំង ខ្លាំង ខាង ភាសា,អាយ អេហ្វ អិល ប្រជុំ ដោយ អ្នក ខ្លាំង ខ្លាំង ខាង ភាសា,The model hallucinated Thai and Tamil characters instead of the Khmer phonetic representation of 'IFL' and failed to transcribe the Khmer word 'ប្រជុំ' correctly.
khm_0308_3241001667.wav,60,ព្រាបចាម; បុណសម្បទ,កម្ពុជា ព្រាបចាម បុណសម្បទ នៅ ខេត្ត កែប,កម្ពុជា រៀបចំ បុណ្យ សមុទ្រ នៅ ខេត្ត កែប,The model misspelled 'រៀបចំ' as 'ព្រាបចាម' and 'បុណ្យសមុទ្រ' as 'បុណសម្បទ'.
khm_0308_3361247987.wav,40,ក្រឡung; ភាសា; អូឡាំពិត; ២; ទើបរុក; នឹង; ខឹង,ក្រឡung ភាសា អូឡាំពិត ២ ជុំ ទើបរុក ហាង នឹង ខឹង,ក្រឡឹង ផ្សារ អូឡាំពិក ពីរ ជុំ ទើប រក ហាង ហ្នឹង ឃើញ,"The model failed to transcribe several words correctly, including phonetic errors ('ក្រឡung', 'អូឡាំពិត'), lexical substitutions ('ភាសា', 'ខឹង'), improper spacing ('ទើបរុក'), and digit conversion ('២')."
khm_0308_3456512931.wav,40,ព្រះសាប; រវៀង; មហាវិតី; សហពាន; មហាវិតី; ម៉ៅសិតុង; មហាវិតី; គឹមអិលសុង,ព្រះសាបរវៀងមហាវិតይសហពានរុស្ស៊ីមហាវិតይម៉ៅសិតុង និងមហាវិតይគឹមអិលសុង,ប្រសព្វ រវាង មហា វិថី សហព័ន្ធ រុស្ស៊ី មហា វិថី ម៉ៅសេទុង និង មហា វិថី គីមអ៊ីលស៊ុង,"The model failed significantly in spelling (wrong characters used), segmenting proper nouns, and incorrectly transcribed almost every word due to poor character recognition."
khm_0308_3503209135.wav,60,ជញ្ជួយ; តាកែវ; តកែវ,ជញ្ជួយពីភ្នំពេញទៅភ្នំដិន កាត់តាមក្រុងតាកែវ និងខេត្តតកែវ,ចេញ ពី ភ្នំពេញ ទៅ ភ្នំដិន កាត់ តាម ក្រុង តាខ្មៅ និង ខេត្ត តាកែវ,"The model hallucinated 'ជញ្ជួយ' instead of 'ចេញ', and incorrectly substituted 'តាខ្មៅ' with 'តាកែវ', while also misspelling 'តាកែវ' as 'តកែវ'."
khm_0308_3585113701.wav,30,នៅកោបាឡខាន; គាត់; ជាន; សង្ខሳይ,នៅកោបាឡខានមានជ័យ គាត់ខ្លួនជានសង្ខሳይ,នគរបាល ខណ្ឌ មានជ័យ ឃាត់ ខ្លួន ជន សង្ស័យ,"The model failed significantly on word segmentation and character recognition, resulting in phonetic misspellings and incorrect word substitutions for 'នគរបាល', 'ខណ្ឌ', 'ឃាត់', 'ជន', and 'សង្ស័យ'."
khm_0308_3609071813.wav,20,កំពុង; ចម្បង; ផ្លុំ; ភូមិ; អ្វី; សកម្ម,កំពុងចម្បងផ្លុំភូមិពេញអ្វីសកម្ម,កំពង់ ចំលង ភ្នំពេញ អរិយក្សត្រ,"The model completely failed to transcribe the names correctly, replacing them with phonetically similar but semantically incorrect words."
khm_0308_3609588942.wav,20,ជំនន់; ទន្លេ; មេគង្គ; គំរាមកំហែង; ក្រុង; កំពង់ចាម,ចមนนទល័យមេកុង គម្រៀង​​​​​​​​​​​​​​​​​​​​​​​​​​​​​​​​​​​​​​​​​​​​​​​​​​​​​​​​​​​​​​​​​​​​​​​​​​​​​​​​​​​​​​​​​​​​​​​​​​​​​​​​​​​​​​​​​​​​​​​​​​​​​​​​​​​​​​​​​​​​​​​​​​​​​​​​​​​​​​​​​​​​​​​​​​​​​​​​​​​​​​​​​​​​​​​​​​​​​​​​​​​​​​​​​​​​​​​​​​​​​​​​​​​​​​​​​​​​​​​​​​​​​​​​​​​​​​​​​​​​​​​​​​​​​​​​​​​​​​​​​​​​​​​​​​​​​​​​​​​​​​​​​​​​​​​​​​​​​​​​​​​​​​​​​​​​​​​​​​​​​​​​​​​​​​​​​​​​​​​​​​​​​​​​​​​​​​​​​​​​​​​​​​​​​​​​​​​​​​​​​​​​​​​​​​​​​​​​​​​​​​​​​​​​​​​​​​​​​​​​​​​​​​​​​​​​​​​​​​​​​​​​​​​​​​​​​​​​​​​​​​​​​​​​​​​​​​​​​​​​​​​​​​​​​​​​​​​​​​​​​​​​​​​​​​​​​​​​​​​​​​​​​​​​​​​​​​​​​​​​​​​​​​​​​​​​​​​​​​​​​​​​​​​​​​​​​​​​​​​​​​​​​​​​​​​​​​​​​​​​​​​​​​​​​​​​​​​​​​​​​​​​​​​​​​​​​​​​​​​​​​​​​​​​​​​​​​​​​​​​​​​​​​​​​​​​​​​​​​​​​​​​​​​​​​​​​​​​​​​​​​​​​​​​​​​​​​​​​​​​​​​​​​​​​​​​​​​​​​​​​​​​​​​​​​​​​​​​​​​​​​​​​​​​​​​​​​​​​​​​​​​​​​​​​​​​​​​​​​​​​​​​​​​​​​​​​​​​​​​​​​​​​​​​​​​​​​​​​​​​​​​​​​​​​​​​​​​​​​​​​​​​​​​​​​​​​​​​​​​​​​​​​​​​​​​​​​​​​​​​​​​​​​​​​​​​​​​​​​​​​​​​​​​​​​​​​​​​​​​​​​​​​​​​​​​​​​​​​​​​​​​​​​​​​​​​​​​​​​​​​​​​​​​​​​​​​​​​​​​​​​​​​​​​​​​​​​​​​​​​​​​​​​​​​​​​​​​​​​​​​​​​​​​​​​​​​​​​​​​​​​​​​​​​​​​​​​​​​​​​​​​​​​​​​​​​​​​​​​​​​​​​​​​​​​​​​​​​​​​​​​​​​​​​​​​​​​​​​​​​​​​​​​​​​​​​​​​​​​​​​​​​​​​​​​​​​​​​​​​​​​​​​​​​​​​​​​​​​​​​​​​​​​​​​​​​​​​​​​​​​​​​​​​​​​​​​​​​​​​​​​​​​​​​​​​​​​​​​​​​​​​​​​​​​​​​​​​​​​​​​​​​​​​​​​​​​​​​​​​​​​​​​​​​​​​​​​​​​​​​​​​​​​​​​​​​​​​​​​​​​​​​​​​​​​​​​​​​​​​​​​​​​​​​​​​​​​​​​​​​​​​​​​​​​​​​​​​​​​​​​​​​​​​​​​​​​​​​​​​​​​​​​​​​​​​​​​​​​​​​​​​​​​​​​​​​​​​​​​​​​​​​​​​​​​​​​​​​​​​​​​​​​​​​​​​​​​​​​​​​​​​​​​​​​​​​​​​​​​​​​​​​​​​​​​​​​​​​​​​​​​​​​​​​​​​​​​​​​​​​​​​​​​​​​​​​​​​​​​​​​​​​​​​​​​​​​​​​​​​​​​​​​​​​​​​​​​​​​​​​​​​​​​​​​​​​​​​​​​​​​​​​​​​​​​​​​​​​​​​​​​​​​​​​​​​​​​​​​​​​​​​​​​​​​​​​​​​​​​​​​​​​​​​​​​​​​​​​​​​​​​​​​​​​​​​​​​​​​​​​​​​​​​​​​​​​​​​​​​​​​​​​​​​​​​​​​​​​​​​​​​​​​​​​​​​​​​​​​​​​​​​​​​​​​​​​​​​​​​​​​​​​​​​​​​​​​​​​​​​​​​​​​​​​​​​​​​​​​​​​​​​​​​​​​​​​​​​​​​​​​​​​​​​​​​​​​​​​​​​​​​​​​​​​​​​​​​​​​​​​​​​​​​​​​​​​​​​​​​​​​​​​​​​​​​​​​​​​​​​​​​​​​​​​​​​​​​​​​​​​​​​​​​​​​​​​​​​​​​​​​​​​​​​​​​​​​​​​​​​​​​​​​​​​​​​​​​​​​​​​​​​​​​​​​​​​​​​​​​​​​​​​​​​​​​​​​​​​​​​​​​​​​​​​​​​​​​​​​​​​​​​​​​​​​​​​​​​​​​​​​​​​​​​​​​​​​​​​​​​​​​​​​​​​​​​​​​​​​​​​​​​​​​​​​​​​​​​​​​​​​​​​​​​​​​​​​​​​​​​​​​​​​​​​​​​​​​​​​​​​​​​​​​​​​​​​​​​​​​​​​​​​​​​​​​​​​​​​​​​​​​​​​​​​​​​​​​​​​​​​​​​​​​​​​​​​​​​​​​​​​​​​​​​​​​​​​​​​​​​​​​​​​​​​​​​​​​​​​​​​​​​​​​​​​​​​​​​​​​​​​​​​​​​​​​​​​​​​​​​​​​​​​​​​​​​​​​​​​​​​​​​​​​​​​​​​​​​​​​​​​​​​​​​​​​​​​​​​​​​​​​​​​​​​​​​​​​​​​​​​​​​​​​​​​​​​​​​​​​​​​​​​​​​​​​​​​​​​​​​​​​​​​​​​​​​​​​​​​​​​​​​​​​​​​​​​​​​​​​​​​​​​​​​​​​​​​​​​​​​​​​​​​​​​​​​​​​​​​​​​​​​​​​​​​​​​​​​​​​​​​​​​​​​​​​​​​​​​​​​​​​​​​​​​​​​​​​​​​​​​​​​​​​​​​​​​​​​​​​​​​​​​​​​​​​​​​​​​​​​​​​​​​​​​​​​​​​​​​​​​​​​​​​​​​​​​​​​​​​​​​​​​​​​​​​​​​​​​​​​​​​​​​​​​​​​​​​​​​​​​​​​​​​​​​​​​​​​​​​​​​​​​​​​​​​​​​​​​​​​​​​​​​​​​​​​​​​​​​​​​​​​​​​​​​​​​​​​​​​​​​​​​​​​​​​​​​​​​​​​​​​​​​​​​​​​​​​​​​​​​​​​​​​​​​​​​​​​​​​​​​​​​​​​​​​​​​​​​​​​​​​​​​​​​​​​​​​​​​​​​​​​​​​​​​​​​​​​​​​​​​​​​​​​​​​​​​​​​​​​​​​​​​​​​​​​​​​​​​​​​​​​​​​​​​​​​​​​​​​​​​​​​​​​​​​​​​​​​​​​​​​​​​​​​​​​​​​​​​​​​​​​​​​​​​​​​​​​​​​​​​​​​​​​​​​​​​​​​​​​​​​​​​​​​​​​​​​​​​​​​​​​​​​​​​​​​​​​​​​​​​​​​​​​​​​​​​​​​​​​​​​​​​​​​​​​​​​​​​​​​​​​​​​​​​​​​​​​​​​​​​​​​​​​​​​​​​​​​​​​​​​​​​​​​​​​​​​​​​​​​​​​​​​​​​​​​​​​​​​​​​​​​​​​​​​​​​​​​​​​​​​​​​​​​​​​​​​​​​​​​​​​​​​​​​​​​​​​​​​​​​​​​​​​​​​​​​​​​​​​​​​​​​​​​​​​​​​​​​​​​​​​​​​​​​​​​​​​​​​​​​​​​​​​​​​​​​​​​​​​​​​​​​​​​​​​​​​​​​​​​​​​​​​​​​​​​​​​​​​​​​​​​​​​​​​​​​​​​​​​​​​​​​​​​​​​​​​​​​​​​​​​​​​​​​​​​​​​​​​​​​​​​​​​​​​​​​​​​​​​​​​​​​​​​​​​​​​​​​​​​​​​​​​​​​​​​​​​​​​​​​​​​​​​​​​​​​​​​​​​​​​​​​​​​​​​​​​​​​​​​​​​​​​​​​​​​​​​​​​​​​​​​​​​​​​​​​​​​​​​​​​​​​​​​​​​​​​​​​​​​​​​​​​​​​​​​​​​​​​​​​​​​​​​​​​​​​​​​​​​​​​​​​​​​​​​​​​​​​​​​​​​​​​​​​​​​​​​​​​​​​​​​​​​​​​​​​​​​​​​​​​​​​​​​​​​​​​​​​​​​​​​​​​​​​​​​​​​​​​​​​​​​​​​​​​​​​​​​​​​​​​​​​​​​​​​​​​​​​​​​​​​​​​​​​​​​​​​​​​​​​,ជំនន់ ទន្លេ មេគង្គ គំរាមកំហែង ក្រុង កំពង់ចាម,"The model failed to transcribe most words correctly, with severe misspellings and the inclusion of massive amounts of hallucinated zero-width space/filler characters."
khm_0308_3695887623.wav,40,មន្តទីបេត; ប្រកកសមាក់,នៅមន្តទីបេតប្រកកសមាក់ក្រុងភ្នំពេញ,នៅ មន្ទីរ ពេទ្យ ព្រះ កុសមៈ ក្រុង ភ្នំពេញ,The model severely misspelled 'មន្ទីរពេទ្យ' and 'ព្រះកុសមៈ' due to incorrect character recognition and missing spaces.
khm_0308_3870807299.wav,50,ស្ពien; ព្រះមនុយវង; មួយ; ពាន់; ប្រាំបួន; រយ; ម្ភៃ; ប្រាំបី,ស្ពien ព្រះមនុយវង ត្រូវបានកសាងឡើងនៅឆ្នាំ ១៩២៨,ស្ពាន ព្រះ មុន្នីវង្ស ត្រូវ បាន កសាង ឡើយ នៅ ឆ្នាំ មួយ ពាន់ ប្រាំបួន រយ ម្ភៃ ប្រាំបី,"The model used incorrect spelling for 'bridge', misspelled the name 'Monivong', and converted the written-out numbers into digits, which deviates from the ground truth transcription format."
khm_0308_3919765454.wav,60,ពិនលា; របស់; មក; ខាងលើ; ស្ទឹងហាល,ម៉ូតូពិនលាម៉ូតូរបស់បាក់ជើងមកខាងលើស្រុកស្ទឹងហាល,ម៉ូតូ ពន្លះ ម៉ូតូ របួស បាក់ ជើង ម្ខាង នៅ ស្រុក ស្ទឹងហាវ,"The model incorrectly transcribed 'ពន្លះ' as 'ពិនលា', 'របួស' as 'របស់', 'ម្ខាង' as 'មកខាងលើ', and 'ស្ទឹងហាវ' as 'ស្ទឹងហាល'."
khm_0308_3932055739.wav,40,ស្តុក; ទាប; ផង; ដំណកក; ២; ដាំ,នៅស្តុកទាបផង បាក់ ដំណកក ចំនួន ២ ដាំ,នៅ ស្តុប ទេព ផន បាក់ ដើម ក្ងោក ចំនួន ពីរ ដើម,"The model incorrectly transcribed 'ស្តុប' as 'ស្តុក', 'ទេព ផន' as 'ទាបផង', and 'ដើម ក្ងោក' as 'ដំណកក'. It also used a digit '២' instead of the word 'ពីរ' and incorrectly transcribed 'ដើម' as 'ដាំ'."
khm_0308_3951045104.wav,60,ហ្នឹង; មិន; ដឹង; នៅ; ម្ដង; ណែន,លំផាត់លំផាត់ នឹង ដូច ធ្លាប់ ឮ តែ ម្ដង ណែន ណា,លំផាត់ លំផាត់ ហ្នឹង ដូច ធ្លាប់ ឮ តែ មិន ដឹង នៅ ណា,"The model incorrectly transcribed 'ហ្នឹង' as 'នឹង', substituted 'មិនដឹងនៅ' with 'ម្ដងណែន', and failed to recognize the correct context."
khm_0308_4007043200.wav,20,ទស្សនកាយ; ផ្លេង; នៃ; កទ; ជើង; អធិការ; សារាវ៉ាន់,ទស្សនកាយ ផ្លេង នៃ កទ ជើង អធិការ វត្ត សារាវ៉ាន់,ផ្ទុះសេ ខ្សែ ភ្លើង នៅ កុដិ ចៅអធិការ វត្ត សារាវន្ត,"The model failed to recognize almost all words correctly, resulting in a completely different meaning (hallucinated content)."
khm_0308_4076150523.wav,40,លិសិត; ទម្រង់; នៅតន្ត; ជីស; ណកូបាន; របស់; ស្ទុប; សារ; ដីហួយ,លិសិតទម្រង់សាលានៅតន្ត ជីសម៉ូតូបុកណកូបានចរាចររបស់ជើងនៅស្ទុបសារដីហួយ,និស្សិត ទំនើង សាលា ន័រតុន ជិះ ម៉ូតូ បុក នគរបាល ចរាចរ របួស ជើង នៅ ស្តុប ផ្សារ ដីហុយ,"The model contains numerous phonetic spelling errors and character substitution mistakes, rendering most words incorrect or unrecognizable in standard Khmer orthography."
khm_0308_4098931395.wav,50,សកលវិទ្យាល័យ; លកចោល; កំពង់រោង; ជុំ; កំពង់; ទាវី; សិត,សកលវិទ្យាល័យបញ្ញាជាតិលកចោលកំពង់រោងជុំកំពង់ទាវីសិតអន្តរជាតិ,សាកល វិទ្យាល័យ បញ្ញា ជាតិ លុប ចោល គម្រោង រៀបចំ ទិវា សិទ្ធិ នាទី អន្តរជាតិ,"The model failed to segment words correctly, misspelled 'សាកល' as 'សកល', 'លុប' as 'លក', 'គម្រោង' as 'កំពង់រោង', and heavily hallucinated or garbled the words for 'រៀបចំ', 'ទិវា', and 'សិទ្ធិ' into nonsensical fragments."
khm_0308_4100714932.wav,75,ឫសីកែវ; និង; ក្រុម; ហុន,ពលរដ្ឋ ឫសីកែវ ខឹង និង ក្រុម ហុន,ពលរដ្ឋ ឫស្សីកែវ ខឹង នឹង ក្រុមហ៊ុន,"The model misspelled 'ឫស្សីកែវ' (missing a consonant), replaced the preposition 'នឹង' with 'និង', and incorrectly segmented 'ក្រុមហ៊ុន' into two separate words."
khm_0308_4108805941.wav,60,ព្រលរដ្ឋ; ស្រុក; ដាំមរុំ,ព្រលរដ្ឋខេត្តកំពង់ស្ពឺ ស្រុកដាំដាំមរុំ,ពលរដ្ឋ ខេត្ត កំពង់ស្ពឺ សម្រុក ដាំ ដើម ម្រុំ,"The model misspelled 'ពលរដ្ឋ' as 'ព្រលរដ្ឋ', incorrectly segmented/substituted 'សម្រុក' as 'ស្រុក', and merged 'ដើម ម្រុំ' into 'ដាំមរុំ'."
khm_0308_4180620092.wav,95,ថ្មី ថ្មី,សម្រាប់និស្សិតរូល និងនិស្សិតដែលទើបបញ្ចប់ការសិក្សាថ្មីៗ,សម្រាប់ និស្សិត រូល និង និស្សិត ដែល ទើប បញ្ចប់ ការ សិក្សា ថ្មី ថ្មី,"The model concatenated 'ថ្មី ថ្មី' into 'ថ្មីៗ', which is orthographically different but semantically identical in Khmer."
khm_0308_4294439534.wav,75,រងវង្សមូល; vías; តាមលំអរ,រងវង្សមូលច្រកទ víasអន្តរជាតិប៉ោយប៉ែត តាមលំអរដោយសំរាមគ្មានសណ្ដាប់ធ្នាប់,រង្វង់មូល ច្រក ទ្វារ អន្តរជាតិ ប៉ោយប៉ែត តាំង លំអ ដោយ សំរាម គ្មាន សណ្ដាប់ធ្នាប់,"Spelling errors in 'រង្វង់មូល' (typed as 'រងវង្សមូល'), hallucinated English characters 'vías', and substitution of 'តាំង' with 'តាម' and incorrect spelling of 'លំអ'."
khm_0877_0031761215.wav,30,ចង; គីញ; ក្នុង; ក្នុង; ក្នុង; បង; ក្នុង; លេ្សាប,ចង គីញ ក្នុង ក្នុង ក្នុង បង ក្នុង លេ្សាប ក្នុង ប្រទេស កម្ពុជា,ចុងឃ្នាស នៅ ជាប់ នឹង បឹង ទន្លេ សាប ក្នុង ប្រទេស កម្ពុជា,The model failed to recognize the proper noun 'ចុងឃ្នាស' and substituted several words with 'ក្នុង' due to repetition errors and poor phonetic matching.
khm_0877_0162568467.wav,40,សក្ការវិជ្ជា; បញ្ញាសា; បន្ត,សក្ការវិជ្ជាបញ្ញាសា ធ្វើបន្តកតញ្ញូចំពោះអ្នកមានគុណ,សាកល វិទ្យាល័យ បញ្ញាសាស្ដ្រ ធ្វើ បុណ្យ កតញ្ញូ ចំពោះ អ្នក មាន គុណ,"The model failed to correctly transcribe 'សាកលវិទ្យាល័យ' (University), truncated 'បញ្ញាសាស្ដ្រ', and substituted 'បុណ្យ' with 'បន្ត', losing the correct meaning."
khm_0877_0163875158.wav,45,កន្តุย; លេង; រែក; ដោយ; បសុទ្ធ; ក្រង់; ខមរៈ; ភូមិ; มัน,ល្បែងកន្តุยលេងកំពុងរែកដោយបសុទ្ធនៅក្រង់ខមរៈភូមិมัน,ល្បែង កន្ទុយ លេខ កំពុង រីក ដូច ផ្សិត នៅ ក្រុង ខេមរភូមិន្ទ,"Multiple spelling errors ('កន្តุย' instead of 'កន្ទុយ', 'រែក' instead of 'រីក', 'ដោយបសុទ្ធ' instead of 'ដូចផ្សិត'), incorrect word boundaries, and a hallucinated foreign character at the end."
khm_0877_0172384750.wav,60,ខ្ញុំ; នាំ; ដា,តើ ខ្ញុំ នាំ ដា នៅ ខេត្ត ណា?,តើ ភ្នំដា នៅ ខេត្ត ណា,The model incorrectly transcribed 'ភ្នំដា' (Phnom Da) as 'ខ្ញុំ នាំ ដា' due to phonetic similarity issues.
khm_0877_0217032673.wav,50,គ្រប់គ្រង; ប្រជាពរងើក; ទៅ; មូតទាម; ភូមិខុម; បាធ្យ,ដើម្បីស្វែងរកការគ្រប់គ្រងពីប្រជាពរងើកទៅតាមមូតទាម ភូមិខុម របស់ស្រុកបាធ្យ,ដើម្បី ស្វែងរក ការ គាំទ្រ ពី ប្រជា ពលរដ្ឋ នៅ តាម មូលដ្ឋាន ភូមិ ឃុំ របស់ ស្រុក បាធាយ,"The model confused 'គាំទ្រ' with 'គ្រប់គ្រង', failed to recognize 'ពលរដ្ឋ' and 'មូលដ្ឋាន', and introduced several phonetic spelling errors for 'ភូមិ ឃុំ' and 'បាធាយ'."
khm_0877_0227618637.wav,20,បន្តតាមមិញ; មានការ; ជណ្តើរ; ពន់ម៉ាន,បន្តតាមមិញមានការជណ្តើរពន់ម៉ាន,ភ្នំ តាម៉ៅ មាន កាំ ជណ្ដើរ ប៉ុន្មាន,"The model failed to recognize the proper noun 'ភ្នំតាម៉ៅ' and incorrectly transcribed the questions and particles, resulting in a completely different meaning."
khm_0877_0270274151.wav,60,ទល់; មុខ; សណ្ឋាគារ; កាំបូឌីយ៉ាណា,នៅសួនច្បារតមុកសнтаកា កម្ពុជា ក្រុងភ្នំពេញ,នៅ សួន ច្បារ ទល់ មុខ សណ្ឋាគារ កាំបូឌីយ៉ាណា ក្រុង ភ្នំពេញ,"The model incorrectly transcribed 'ទល់មុខ' as 'តមុក', failed to transcribe 'សណ្ឋាគារ', replaced it with Cyrillic text, and misspelled 'កាំបូឌីយ៉ាណា' as 'កម្ពុជា'."
khm_0877_0435354763.wav,25,យប់; យប់; ឆ្ងល់; ហ្នឹង; សែន; ទេ; លេខ; បើទ; នឹង; ក្បែ; ទៅ; ស្រយាយ; បាសា; ជ; baraka; អំពើ,យប់ យប់ ឆ្ងល់ ហ្នឹង សែន ទេ កំពុង លេខ បើទ នឹង ក្បែ ផ្ទះ របស់ ខ្លួន ទៅ ភូមិ ស្រយាយ បាសា សង្កាត់ ព្រែក ប្រា ខេត្ត ជ 바라 អំពើ,យុវជន ផ្សេង ទៀត កំពុង លេង បាល់ទាត់ នៅ ក្បែរ ផ្ទះ របស់ ខ្លួន នៅ ភូមិ ជ្រោយ បាសាក់ សង្កាត់ ព្រែកប្រា ខេត្ត ច្បារអំពៅ,"The model failed significantly, with many misrecognized words, incorrect character substitution, and hallucinated Latin characters (baraka)."
khm_0877_0491391921.wav,20,ព្រះរតនាខមែ; នៃសាលា; ឈើលួក,ព្រះរតនាខមែ ខេត្តកំពង់ធំ នៃសាលាឈើលួក,ពលរដ្ឋ ខ្មែរ ខេត្ត កំពង់ធំ នេសាទ ឈ្លើង លក់,"The model failed to transcribe most words correctly, confusing 'ពលរដ្ឋ ខ្មែរ' with 'ព្រះរតនាខមែ', 'នេសាទ' with 'នៃសាលា', and 'ឈ្លើង លក់' with 'ឈើលួក'."
khm_0877_0512987754.wav,70,ព្រះកណ្តាល; ឆ្នាំង; ២០១៥,គម្រោងនេះនឹងអាចចាប់ផ្តើមជាផ្លូវការនៅព្រះកណ្តាលឆ្នាំង២០១៥,គម្រោង នេះ នឹង អាច ចាប់ផ្តើម ជា ផ្លូវការ នៅ ពាក់កណ្ដាល ឆ្នាំ ពីរ ពាន់ ដប់ ប្រាំ,"The model incorrectly transcribed 'ពាក់កណ្ដាល' as 'ព្រះកណ្តាល' (phonetic error), 'ឆ្នាំ' as 'ឆ្នាំង' (spelling error), and converted the spelled-out number 'ពីរ ពាន់ ដប់ ប្រាំ' into digits '២០១៥'."
khm_0877_0514543577.wav,30,សារាក្រង់; និងបិតផ្លៅ; កបែ; ប្រៀបបរម; និងចវង; បំផុត; អាសន,សារាក្រង់ និងបិតផ្លៅមួយចំនួន កបែប្រៀបបរម និងចវងបំផុត អាសន,សាលា ក្រុង នឹង បិទ ផ្លូវ មួយចំនួន ក្បែរ ព្រះ បរមរាជវាំង បណ្ដោះអាសន្ន,"The model has significant phonetic errors, incorrect spelling of standard Khmer words (e.g., 'ក្រុង', 'បិទ', 'ផ្លូវ', 'ក្បែរ', 'ព្រះបរមរាជវាំង'), and hallucinated/garbled endings."
khm_0877_0587890502.wav,40,ពពក; វិល; លើ; បូកគោ,បកបក វើល លឺ ភ្នំ បកគោ,ពពក វិល លើ ភ្នំ បូកគោ,"The model misspelled 'ពពក' as 'បកបក', 'វិល' as 'វើល', 'លើ' as 'លឺ', and missed the character 'ូ' in 'បូកគោ'."
khm_0877_0621524282.wav,50,ពនំស្រី; ភ្នំប្រទះ; ជារומនីធាន,ពនំស្រី ភ្នំប្រទះ ជារומនីធាន វប្បធម៌ ប្រវត្តិសាស្ត្រ,ភ្នំ ស្រី ភ្នំ ប្រុស ជា រមណីយដ្ឋាន វប្បធម៌ ប្រវត្តិសាស្ត្រ,"The model misspelled 'ភ្នំ' as 'ពនំ', hallucinated 'ប្រទះ' instead of 'ប្រុស', and misspelled 'រមណីយដ្ឋាន' as 'រומនីធាន'."
khm_0877_0693823517.wav,45,កូនកំពុងរេក; អាវុធហាត់; កាន់; គាត់; ជិះសង្កសាយ,កូនកំពុងរេកអាវុធហាត់កាន់ចំការមន គាត់ខ្លួនជិះសង្កសាយពីរនាក់ជិះម៉ូតូអត់ស្លាកលេខ,កង កម្លាំង រាជ អាវុធហត្ថ ខណ្ឌ ចំការមន ឃាត់ ខ្លួន ជន សង្ស័យ ពីរ នាក់ ជិះ ម៉ូតូ អត់ ស្លាក លេខ,"The model suffered from severe phonetic errors, incorrectly transcribing 'កងកម្លាំង' as 'កូនកំពុងរេក', 'រាជអាវុធហត្ថ' as 'អាវុធហាត់', 'ខណ្ឌ' as 'កាន់', and 'ជនសង្ស័យ' as 'ជិះសង្កសាយ'."
khm_0877_0872623068.wav,50,មនត្រី; កីសនី; ជាត; របង្ហាញ; អក្សរនី; ដំណើក; កុងតឺ; កាមកការនី; ក្នុង,មនត្រីកីសនីកម្ពុជាបានចាប់ផ្តើមជាតរបង្ហាញអក្សរនី និងដំណើកកុងតឺ ជូនកាមកការនីក្នុងភ្នំពេញ,មន្ត្រី អគ្គិសនី កម្ពុជា បាន ចាប់ផ្តើម ចុះ ត បណ្ដាញ អគ្គិសនី និង ដំឡើង កុងទ័រ ជូន កម្មករ កម្មការិនី នៅ ក្រុង ភ្នំពេញ,"The model has numerous spelling errors (missing/incorrect vowel signs and consonants), missing words, and incorrect word boundaries, rendering many terms unrecognizable."
khm_0877_1009294136.wav,50,កម្រង; ទឹកស្ទា; ផ្លạch; ផ្លạch; ៧០០; ឧស្ទាន; គិរីរុំ,ជប៉ុន ធ្វើ កម្រង ទឹកស្ទា ផ្លạch ផ្លạch នៅ លើ ផ្ទៃ ដី ៧០០ ហិកតា នៅ ឧស្ទាន គិរីរុំ,ជប៉ុន ធ្វើ គម្រោង ទេសចរណ៍ ប្លែក ប្លែក លើ ផ្ទៃ ដី ប្រាំពីរ រយ ហិកតា នៅ ឧទ្យាន គិរីរម្យ,"The model misspelled 'គម្រោង' as 'កម្រង', failed to recognize 'ទេសចរណ៍' and 'ប្លែក', misidentified the number format, and misspelled 'ឧទ្យាន' and 'គិរីរម្យ'."
khm_0877_1019126241.wav,30,ក្លៀង; ម៉ែ; ប្រក; មិន; អាច; ជា; កីឡា; អលំពិត; អង់គយ; បកрой; tactics; ស្ពា,ក្លៀងមួយម៉ែប្រកមិនអាចជាកីឡាអលំពិតអង់គយបកройព្រោះ tactics លិចពេញក្នុង ស្ពា,ភ្លៀង មួយ មេ ព្រឹក មិញ អាជីវករ ផ្សារ អូឡាំពិក អង្គុយ បក់ រុយ ព្រោះ ទឹក លិច ពេញ ក្នុង ផ្សារ,"The model has severe character recognition errors, leading to the hallucination of non-Khmer characters (Latin letters) and incorrect phonological representations of almost all words in the sentence."
khm_0877_1153487542.wav,0,វិហារ; ឥស្លាម; នៅ; ខាង; ត្បូង; គល់; ស្ពាន; ព្រែក; តាមាក់; ត្រើយ; ខាង; លិច,wir hear islam neu khang tabong gol spien preit tamyak tray khang lech,វិហារ ឥស្លាម នៅ ខាង ត្បូង គល់ ស្ពាន ព្រែក តាមាក់ ត្រើយ ខាង លិច,"The model outputted phonetic Romanization instead of Khmer script, failing to recognize any of the target words."
khm_0877_1299917338.wav,20,ជុំទុំតកស្ទង់សែន; ពលជិះ,ជុំទុំតកស្ទង់សែនបានពលជិះភូមិស្រុកស្ទើរតែទាំងអស់,ជំនន់ ទឹក ស្ទឹងសែន បាន ពន្លិច ភូមិ ស្រុក ស្ទើរ តែ ទាំង អស់,"The model has severe character recognition errors, leading to unintelligible clusters instead of the words 'ជំនន់ ទឹក ស្ទឹងសែន' and 'ពន្លិច'."
khm_0877_1309213422.wav,50,កំពុង; ចាំ; ស្ពien; ព្រៃ; កដាម,ទៅ កំពុង ចាំ កាត់ តាម ស្ពien ព្រៃ កដាម ក៏ បាន ដែរ,ទៅ កំពង់ចាម កាត់ តាម ស្ពាន ព្រែកក្ដាម ក៏ បាន ដែរ,"The model misspelled 'កំពង់ចាម' (as 'កំពុង ចាំ'), hallucinated an English word 'ស្ពien' instead of 'ស្ពាន', and broke/misspelled 'ព្រែកក្ដាម' as 'ព្រៃ កដាម'."
khm_0877_1324429108.wav,65,បុរី; ប៉េងហួត; នោះ; បរិយាកាស; នេះ,ផ្ទះដែលទើបនឹងទិញនៅក្នុងបរិយាកាសនេះមានតម្លៃជាងដប់ម៉ឺនដុល្លារ,ផ្ទះ ដែល ទើប នឹង ទិញ នៅ ក្នុង បុរី ប៉េងហួត នោះ មាន តម្លៃ ជាង ដប់ ម៉ឺន ដុល្លារ,The model hallucinated 'បរិយាកាសនេះ' (this atmosphere) instead of the proper noun 'បុរីប៉េងហួតនោះ' (that Peng Huoth Borey).
khm_0877_1352099982.wav,20,បិន; មក; រ៉ូតធ្លែង; កបែតានីកា; កានារីយ៉ា,បិនឡានមករ៉ូតធ្លែង កបែតានីកា កានារីយ៉ា,បេន ឡាន មុខ រ៉ា រថភ្លើង ក្បែរ អគារ កាណាឌីយ៉ា,"The model has severe character/syllable recognition errors, phonetic misspellings, and failed to segment or identify correctly proper nouns like 'រថភ្លើង', 'អគារ', and 'កាណាឌីយ៉ា'."
khm_0877_1384285609.wav,40,រឿងវង្សមូកាំកោ; អង្គតានទូកគោក,រឿងវង្សមូកាំកោ អង្គតានទូកគោក,រង្វង់មូល កាំកូ អង់តែន ទួលគក,"The model failed to correctly segment and spell the proper nouns and compound words. 'រង្វង់មូល' became 'រឿងវង្សមូ', 'កាំកូ' became 'កាំកោ', 'អង់តែន' became 'អង្គតាន', and 'ទួលគក' became 'ទូកគោក'."
